iata	icao	airline	callsign	country	comments	active
1T	RNX	1Time Airline	NEXTIME	South Africa	airline defunct	0
Q5	MLA	40-Mile Air	MILE-AIR	United States		1
JY	IWY	Air Turks and Caicos	ISLANDWAYS	Turks and Caicos Islands	Name changed from Interisland Airways Limited	1
JU	ASL	Air Serbia	AIR SERBIA	Serbia	formally JAT	1
QH	LYN	Air Kyrgyzstan	ALTYN AVIA	Kyrgyzstan	Name changed from Kyrgyzstan	1
A8	XAU	Aerolink Uganda	PEARL	Uganda		1
RV	ROU	Air Canada Rouge	ROUGE	Canada		1
W9	AAB	Abelag Aviation	ABG	Belgium		1
6U	ACX	Air Cargo Germany	LOADMASTER	Germany	defunct	0
E4	RSO	Aero Asia International	AERO ASIA	Pakistan	defunct	0
ZI	AAF	Aigle Azur	AIGLE AZUR	France	Former name: Lucas Aigle Azur; former IATA code: LK	1
AE	AE	Air Ceylon		Sri Lanka	defunct	0
OZ	AAR	Asiana Airlines	ASIANA	Republic of Korea		1
4K	AAS	Askari Aviation	AL-ASS	Pakistan		1
8U	AAW	Afriqiyah Airways	AFRIQIYAH	Libya		1
Q9	AFU	Afrinat International Airlines	AFRINAT	Gambia	defunct, ICAO code no longer allocated	0
KI	AAG	Air Atlantique	ATLANTIC	United Kingdom	Former name: Atlantic Air Transport; former IATA codes: 7M, DG, transferred to Atlantic Flight Training in 2014.	1
QB	AAJ	Air Alma	AIR ALMA	Canada	Ceased operations 10/01/2002; former IATA code: 4L	0
LD	AHK	Air Hong Kong	AIR HONG KONG	Hong Kong		1
UX	AEA	Air Europa	EUROPA	Spain		1
I9	AEY	Air Italy	AIR ITALY	Italy	merged into Meridiana	1
NX	AMU	Air Macau	AIR MACAO	Macao		1
ZV	AMW	Air Midwest	AIR MIDWEST	United States	defunct	0
HM	SEY	Air Seychelles	SEYCHELLES	Seychelles		1
AF	AFR	Air France	AIRFRANS	France		1
SB	ACI	Air Caledonie International	AIRCALIN	France		1
EH	AKX	Air Nippon Network Co. Ltd.	ALFA WING	Japan		1
ZW	AWI	Air Wisconsin	AIR WISCONSIN	United States		1
GN	AGN	Air Gabon	GOLF NOVEMBER	Gabon	defunct	0
NQ	AJX	Air Japan	AIR JAPAN	Japan		1
VD	LIB	Air Liberté	AIR LIBERTE	France	defunct	0
TT	KLA	Air Lithuania	KAUNAS	Lithuania	defunct	0
4N	ANT	Air North Charter - Canada	AIR NORTH	Canada		1
NZ	ANZ	Air New Zealand	NEW ZEALAND	New Zealand		1
QM	AML	Air Malawi	MALAWI	Malawi		0
ML	BIE	Air Mediterranee	MEDITERRANEE	France		1
ZX	ABL	Air BC	AIRCOACH	Canada	Merged into Air Canada Jazz	0
G8	AGB	Air Service Gabon		Gabon	defunct	0
7T	AGV	Air Glaciers	AIR GLACIERS	Switzerland		1
6V	VGA	Air Vegas	AIR VEGAS	United States	defunct	0
NH	ANA	All Nippon Airways	ALL NIPPON	Japan		1
TZ	TWG	air-taxi Europe	TWINGOOSE	Germany		1
2Q	SNC	Air Cargo Carriers	NIGHT CARGO	United States		1
V7	SNG	Air Senegal International	AIR SENEGAL	Senegal	defunct	0
AB	BER	Air Berlin	AIR BERLIN	Germany		1
4D	ASD	Air Sinai	AIR SINAI	Egypt		1
QN	ARR	Air Armenia	AIR ARMENIA	Armenia		1
AI	AIC	Air India Limited	AIRINDIA	India		1
PJ	SPM	Air Saint Pierre	SAINT-PIERRE	France		1
SZ	WOW	Air Southwest	SWALLOW	United Kingdom	defunct	0
8C	ATN	Air Transport International	AIR TRANSPORT	United States		1
NF	AVN	Air Vanuatu	AIR VAN	Vanuatu		1
ZB	BUB	Air Bourbon	BOURBON	Reunion	defunct	0
CC	ABD	Air Atlanta Icelandic	ATLANTA	Iceland		1
RB	SBK	Air Srpska	Air Srpska	Bosnia and Herzegovina	defunct	0
TN	THT	Air Tahiti Nui	TAHITI AIRLINES	France		1
SW	NMB	Air Namibia	NAMIBIA	Namibia		1
AW	AFW	Africa World Airlines	BLACKSTAR	Ghana		1
PE	AEL	Air Europe Italy	AIR EUROPE	Italy	defunct	0
JM	AJM	Air Jamaica	JAMAICA	Jamaica		1
6G	AWW	Air Wales	RED DRAGON	United Kingdom	defunct, ICAO code no longer allocated	0
TX	FWI	Air Caraïbes	FRENCH WEST	France		1
IX	AXB	Air India Express	EXPRESS INDIA	India		1
BT	BTI	Air Baltic	AIRBALTIC	Latvia		1
EL	ANK	Air Nippon	ANK AIR	Japan	merged into All Nippon Airways, ICAO code no longer allocated	1
YW	ANE	Air Nostrum	AIR NOSTRUM	Spain		1
PX	ANG	Air Niugini	NUIGINI	Papua New Guinea		1
G9	ABY	Air Arabia	ARABIA	United Arab Emirates		1
AC	ACA	Air Canada	AIR CANADA	Canada		1
AP	ADH	Air One	HERON	Italy		1
XT	AXL	Air Exel	EXEL COMMUTER	Netherlands	defunct	0
UM	AZW	Air Zimbabwe	AIR ZIMBABWE	Zimbabwe		1
S2	RSH	Air Sahara	SAHARA	India	renamed to Jetlite	1
TC	ATC	Air Tanzania	TANZANIA	Tanzania		1
2J	VBW	Air Burkina	BURKINA	Burkina Faso		1
KM	AMC	Air Malta	AIR MALTA	Malta		1
YT	TGA	Air Togo	AIR TOGO	Togo	defunct	0
G4	AAY	Allegiant Air	ALLEGIANT	United States		1
M3	TUS	ABSA Cargo	Turismo	Brazil		0
O4	ABV	Antrak Air	ANTRAK	Ghana		1
GB	ABX	Airborne Express	ABEX	United States	August 14, 2003 merged into DHL	0
GB	ABX	ABX Air	ABEX	United States	August 15, 2003 Air operations of former Airborne Express	1
8V	ACP	Astral Aviation	ASTRAL CARGO	Kenya		1
8T	TID	Air Tindi		Canada		1
Z7	ADK	ADC Airlines	ADCO	Nigeria	defunct; former name: Aviation Development Company	0
JP	ADR	Adria Airways	ADRIA	Slovenia		1
EM	AEB	Aero Benin	AEROBEN	Benin	defunct	0
A3	AEE	Aegean Airlines	AEGEAN	Greece		1
2K	GLG	Aerogal	AEROGAL	Ecuador	Aerolíneas Galápagos SA	1
KD	AEN	Air Enterprise	AIR ENTERPRISE	France	defunct	0
KO	AER	Alaska Central Express	ACE AIR	United States		1
VX	AES	ACES Colombia	ACES	Colombia	defunct	0
KH	AAH	Aloha Air Cargo	ALOHA	United States		1
AA	AAL	American Airlines	AMERICAN	United States		1
AN	AAA	Ansett Australia	ANSETT	Australia	defunct	0
5W	AEU	Astraeus	FLYSTAR	United Kingdom	defunct, ICAO code no longer allocated	0
VV	AEW	Aerosvit Airlines	AEROSVIT	Ukraine	defunct	0
WK	AFB	American Falcon	AMERICAN FALCON	Argentina	defunct	0
QQ	UTY	Alliance Airlines	UNITY	Australia		1
FG	AFG	Ariana Afghan Airlines	ARIANA	Afghanistan		1
RV	AFI	Africaone	AFRICAWORLD	The Gambia		1
Y2	AFJ	Alliance Air	JAMBO	Uganda	Ceased operations 08/10/2000	0
SU	AFL	Aeroflot Russian Airlines	AEROFLOT	Russia		1
5Z	AFX	Airfreight Express		United Kingdom	Ceased operations 08/03/2002	1
5D	SLI	Aerolitoral	COSTERA	Mexico		1
1A	AGT	Amadeus Global Travel Distribution	AMADEUS	Spain		1
JJ	AGX	Aviogenex	GENEX	Serbia		1
PL	PLI	Aeroperú	Aeroperu	Peru	defunct	0
8A	BMM	Atlas Blue	ATLAS BLUE	Morocco	defunct	0
GD	AHA	Air Alpha Greenland	AIR ALPHA	Denmark	sold to Air Greenland	1
HT	AHW	Aeromist-Kharkiv	AEROMIST	Ukraine	defunct	0
J2	AHY	Azerbaijan Airlines	AZAL	Azerbaijan		1
U3	AIA	Avies	AVIES	Estonia		1
4Y	AIB	Airbus Industrie	AIRBUS INDUSTRIE	France		1
5A	AIP	Alpine Air Express	ALPINE AIR	United States		1
ED	ABQ	Airblue	PAKBLUE	Pakistan		1
W4	BES	Aero Services Executive	BIRD EXPRESS	France		1
IZ	AIZ	Arkia Israel Airlines	ARKIA	Israel		1
M6	AJT	Amerijet International	AMERIJET	United States		1
4A	AKL	Air Kiribati		Kiribati		1
EV	ASQ	Atlantic Southeast Airlines	ACEY	United States	Merged into ExpressJet Airlines	1
HP	AWE	America West Airlines	CACTUS	United States	Merged with US Airways	0
VH	ALV	Aeropostal Alas de Venezuela	AEROPOSTAL	Venezuela		1
TZ	AMT	ATA Airlines	AMTRAN	United States	defunct	0
AM	AMX	Aeroméxico	AEROMEXICO	Mexico		1
TL	ANO	Airnorth	TOPEND	Australia		1
OY	ANS	Andes Líneas Aéreas	AEROANDES	Argentina		1
IW	AOM	AOM French Airlines	French Lines	France	defunct	0
J6	AOC	AVCOM	AERO AVCOM	Russia		1
2D	AOG	Aero VIP	AVIP	Argentina	defunct	0
VB	VIV	Aeroenlaces Nacionales	AEROENLACES	Mexico	Former ICAO code: AEN	1
OE	AOT	Asia Overnight Express	ASIA OVERNIGHT	Philippines		1
GV	ARF	Aero Flight	Aero Fox	Germany	defunct	0
JW	APW	Arrow Air	BIG A	United States	defunct	0
2B	ARD	Aerocondor	AEROCONDOR	Portugal	defunct	0
4C	ARE	Aires, Aerovías de Integración Regional, S.A.	AIRES	Colombia	renamed to LAN Colombia	1
AR	ARG	Aerolíneas Argentinas	ARGENTINA	Argentina		1
AS	ASA	Alaska Airlines, Inc.	ALASKA	United States		1
PL	ASE	Airstars	MOROZOV	Russia	defunct	0
OB	ASZ	Astrakhan Airlines	AIR ASTRAKHAN	Russia	defunct	0
HC	ATI	Aero-Tropics Air Services		Australia	defunct	0
FO	ATM	Airlines of Tasmania	AIRTAS	Australia		1
OS	AUA	Austrian Airlines	AUSTRIAN	Austria		1
IQ	AUB	Augsburg Airways	AUGSBURG-AIR	Germany	defunct	0
RU	ABW	AirBridge Cargo	AIRBRIDGE CARGO	Russia	Former IATA: BO	1
MO	AUH	Abu Dhabi Amiri Flight	SULTAN	United Arab Emirates	Presidential flight	1
GR	AUR	Aurigny Air Services	AYLINE	United Kingdom		1
NO	AUS	Aus-Air		Australia	defunct	0
AU	AUT	Austral Líneas Aéreas	AUSTRAL	Argentina		1
AO	AUZ	Australian Airlines	AUSTRALIAN	Australia	Subsidiary merged with QANTAS	0
AV	AVA	Avianca - Aerovías del Continente Americano S.A.	AVIANCA	Colombia		1
K8	ZAK	Airlink Zambia		Zambia	Zambia Skyways Limited	1
4Y	BGA	Airbus Transport International	BELUGA	France		1
B9	BGD	Air Bangladesh	AIR BANGLA	Bangladesh	defunct	0
HJ	AXF	Asian Express Airlines	FREIGHTEXPRESS	Australia		1
AK	AXM	AirAsia	RED CAP	Malaysia	ICAO code no longer allocated	1
D7	XAX	AirAsia X	XANADU	Malaysia		1
6V	AXY	Axis Airways	AXIS	France	defunct	0
EX	BJK	Atlantic Airlines	BLACKJACK	United States		1
3G	AYZ	Atlant-Soyuz Airlines	ATLANT-SOYUZ	Russia	defunct	0
AZ	AZA	Alitalia	ALITALIA	Italy		1
ZE	AZE	Arcus-Air Logistic	ARCUS AIR	Germany		1
I5	IAD	AirAsia India	ARIYA	India	Founded 28. Mar 2013	0
R7	OCA	Aserca Airlines	AROSCA	Venezuela		1
RX	AEH	Aviaexpress	AVEX	Hungary	defunct	0
MQ	EGF	American Eagle Airlines	EAGLE FLIGHT	United States	Renamed Envoy Air, ICAO Code and Callsign withdrawn in 2014	1
ZS	AZI	Azzurra Air	AZZURRA	Italy	defunct	0
ML	ETC	African Transport Trading and Investment Company	TRANATTICO	Sudan		1
VU	VUN	Air Ivoire	AIRIVOIRE	Ivory Coast	defunct	0
BP	BOT	Air Botswana	BOTSWANA	Botswana		1
GS	UPA	Air Foyle	FOYLE	United Kingdom	defunct, ICAO code no longer allocated	0
VT	VTA	Air Tahiti	AIR TAHITI	French Polynesia		1
3N	URG	Air Urga	URGA	Ukraine		1
VL	VIM	Air VIA		Bulgaria		1
FK	WTA	Africa West	WEST TOGO	Togo		1
G2	VXG	Avirex	AVIREX-GABON	Gabon		1
V8	VAS	ATRAN Cargo Airlines	ATRAN	Russian Federation		1
K6	KHV	Angkor Air	AIR ANGKOR	Cambodia		1
VE	AVE	Avensa	AVENSA	Venezuela	defunct	0
V5	VLI	Avolar Aerolíneas	AEROVOLAR	Mexico	defunct	0
CA	CCA	Air China	AIR CHINA	China		1
Q6	CDP	Aero Condor Peru	CONDOR-PERU	Peru		1
5F	CIR	Arctic Circle Air Service	AIR ARCTIC	United States		1
QC	CRD	Air Corridor	AIR CORRIDOR	Mozambique	defunct	0
NV	CRF	Air Central	AIR CENTRAL	Japan	Ceased operations 2010	0
CV	CVA	Air Chathams	CHATHAM	New Zealand		1
CW	CWM	Air Marshall Islands	AIR MARSHALLS	Marshall Islands		1
ZA	CYD	AccessAir	CYCLONE	United States	defunct	0
AH	DAH	Air Algérie	AIR ALGERIE	Algeria		1
KI	DHI	Adam Air	ADAM SKY	Indonesia	defunct	0
ER	DHL	Astar Air Cargo	D-H-L	United States	defunct, DHL	0
HO	DJA	Antinea Airlines	ANTINEA	Algeria	defunct	0
EN	DLA	Air Dolomiti	DOLOMITI	Italy		1
NM	DRD	Air Madrid	ALADA AIR	Spain	defunct	0
EE	EAY	Aero Airlines	REVAL	Estonia	defunct	0
4F	ECE	Air City	AIRCITY	Germany		1
EI	EIN	Aer Lingus	SHAMROCK	Ireland		1
E8	ELG	Alpi Eagles	ALPI EAGLES	Italy	defunct, ICAO code no longer allocated	0
KY	EQL	Air São Tomé and Príncipe	EQUATORIAL	São Tomé and Príncipe	defunct	0
PC	FAJ	Air Fiji	FIJIAIR	Fiji	defunct	0
OF	FIF	Air Finland	AIR FINLAND	Finland		1
FJ	FJI	Fiji Airways	PACIFIC	Fiji		1
RC	FLI	Atlantic Airways	FAROELINE	Faroe Islands		1
QH	FLZ	Aero Leasing	AIR FLORIDA	United States	dba Air Florida	1
NY	FXI	Air Iceland	FAXI	Iceland		1
2P	GAP	Air Philippines	ORIENT PACIFIC	Philippines		1
ZX	GGN	Air Georgian	GEORGIAN	Canada		1
2U	GIP	Air Guinee Express	FUTURE EXPRESS	Guinea		1
0A	GNT	Amber Air	GINTA	Lithuania		1
DA	GRG	Air Georgia	AIR GEORGIA	Georgia		1
GL	GRL	Air Greenland	GREENLAND	Denmark		1
LL	GRO	Allegro	ALLEGRO	Mexico	defunct	0
5Y	GTI	Atlas Air	GIANT	United States		1
GG	GUY	Air Guyane	GREEN BIRD	French Guiana		1
H9	HAD	Air D'Ayiti	HAITI AVIA	Haiti		1
GG	HAH	Air Comores International	AIR COMORES	Comoros		1
HD	HLN	Air Holland	ORANGE	Netherlands	defunct	0
8C	HZT	Air Horizon	HORIZON TOGO	Togo		1
W9	JAB	Air Bagan	AIR BAGAN	Myanmar		1
IP	JOL	Atyrau Air Ways	EDIL	Kazakhstan		1
QK	JZA	Air Canada Jazz	JAZZ	Canada		1
KK	KKK	Atlasjet	ATLASJET	Turkey		1
JS	KOR	Air Koryo	AIR KORYO	Democratic People's Republic of Korea		1
KC	KZR	Air Astana	ASTANALINE	Kazakhstan		1
LV	LBC	Albanian Airlines	ALBANIAN	Albania		1
3S	BOX	Aerologic	GERMAN CARGO	Germany		1
D4	LID	Alidaunia	ALIDA	Italy		1
CD	LLR	Alliance Air	ALLIED	India		1
XL	LNE	Aerolane	AEROLANE	Ecuador	Líneas Aéreas Nacionales Del Ecuador	1
A6	LPV	Air Alps Aviation	ALPAV	Austria		1
TD	LUR	Atlantis European Airways		Armenia		1
L8	LXG	Air Luxor GB	LUXOR GOLF	Guinea-Bissau		1
LK	LXR	Air Luxor	AIRLUXOR	Portugal	ICAO code no longer allocated	1
MK	MAU	Air Mauritius	AIRMAURITIUS	Mauritius		1
MD	MDG	Air Madagascar	AIR MADAGASCAR	Madagascar		1
9U	MLD	Air Moldova	AIR MOLDOVA	Moldova		1
L9	MLI	Air Mali	AIR MALI	Mali	defunct	0
A7	MPD	Air Plus Comet	RED COMET	Spain		1
QO	MPX	Aeromexpress	AEROMEXPRESS	Mexico		1
MR	MRT	Air Mauritanie	MIKE ROMEO	Mauritania		1
3S	AEN	Aeroland Airways		Greece	defunct, ICAO code no longer allocated	0
8D	SUW	Astair		Russian Federation	Name changed to Interavia Airlines	0
F4	NBK	Albarka Air	AL-AIR	Nigeria		1
AJ	NIG	Aero Contractors	AEROLINE	Nigeria		1
8Y	PBU	Air Burundi	AIR-BURUNDI	Burundi		1
OT	PEL	Aeropelican Air Services	PELICAN	Australia		1
AD	PRZ	Air Paradise International	RADISAIR	Indonesia	Defunct 2005	0
QD	QCL	Air Class Líneas Aéreas	ACLA	Uruguay		1
QS	QSC	African Safari Airways	ZEBRA	Kenya		1
4Y	RBU	Airbus France	AIRBUS FRANCE	France		1
MC	RCH	Air Mobility Command	REACH	United States	United States Air Force	1
RE	REA	Aer Arann	AER ARANN	Ireland		1
UU	REU	Air Austral	REUNION	France		1
6K	RIT	Asian Spirit	ASIAN SPIRIT	Philippines		1
A5	RLA	Airlinair	AIRLINAIR	France		1
QL	RLN	Aero Lanka	AERO LANKA	Sri Lanka		1
R3	RME	Armenian Airlines	ARMENIAN	Armenia	defunct	0
MV	RML	Armenian International Airways	ARMENIA	Armenia	defunct	0
2O	RNE	Air Salone	AIR SALONE	Sierra Leone		1
U8	RNV	Armavia	ARMAVIA	Armenia	defunct, ICAO code no longer allocated	0
BQ	ROM	Aeromar Lineas Aereas Dominicanas	BRAVO QUEBEC	Dominican Republic	defunct	0
P5	RPB	AeroRepública	AEROREPUBLICA	Colombia		1
BF	RSR	Aero-Service	CONGOSERV	Republic of the Congo		1
5L	RSU	AeroSur	AEROSUR	Bolivia		1
EX	SDO	Air Santo Domingo	AERO DOMINGO	Dominican Republic		1
JR	SER	Aero California	AEROCALIFORNIA	Mexico		1
Z3	SMJ	Avient Aviation	AVAVIA	Zimbabwe		1
M3	SPJ	Air Service	AIR SKOPJE	Macedonia		1
GM	SVK	Air Slovakia	SLOVAKIA	Slovakia	ICAO code no longer allocated	1
R3	SYL	Aircompany Yakutia	AIR YAKUTIA	Russia		1
VW	TAO	Aeromar	TRANS-AEROMAR	Mexico		1
JY	TCI	Air Turks and Caicos	KERRMONT	Turks and Caicos Islands	ICAO code no longer allocated	1
OR	TFL	Arkefly	ARKEFLY	Netherlands		1
CG	TOK	Airlines PNG	BALUS	Papua New Guinea		1
TY	TPC	Air Calédonie	AIRCAL	France		1
FL	TRS	AirTran Airways	CITRUS	United States	defunct, last flight 12/30/2014, now part of Southwest Airlines	0
TS	TSC	Air Transat	AIR TRANSAT	Canada		1
EC	TWN	Avialeasing Aviation Company	TWINARROW	Uzbekistan		1
DW	UCR	Aero-Charter Ukraine	CHARTER UKRAINE	Ukraine		1
U7	UGA	Air Uganda	UGANDA	Uganda		1
6U	UKR	Air Ukraine	AIR UKRAINE	Ukraine		1
6R	DRU	Alrosa Air Company	MIRNY	Russia		1
AD	AZU	Azul Linhas Aéreas Brasileiras	Azul	Brazil		1
6A	CHP	Aviacsa	AVIACSA	Mexico		1
JZ	SKX	Avia Express	SKY EXPRESS	Sweden	Former names: AMA-Flyg I Goteborg; Salair; former ICAO code: AAX	1
WD	AAN	Amsterdam Airlines	AMSTEL	Netherlands	Former IATA code: FH*	1
AQ	AAH	Aloha Airlines	ALOHA	United States	Ceased operations; former IATA code: TS	0
3J	AAQ	Air Alliance	LIAISON	Canada	defunct	0
OB	AAT	Austrian Airtransport	AUSTRIAN CHARTER	Austria	defunct; former IATA code: U8, OG; former ICAO code: AUC	0
SM	AAW	Aberdeen Airways		United Kingdom	defunct; subsidiary of Air Provence	0
KJ	AAZ	Asian Air		Kyrgyzstan		1
BX	ABL	Air Busan		Republic of Korea		1
AK	ABR	Air Bridge Carriers	AIRBRIDGE	United Kingdom	defunct	0
YE	ACQ	Aryan Cargo Express		India		1
VJ	AFF	Africa Airways	AFRIWAYS	Benin		1
QH	FLA	Air Florida	PALM	United States	relaunching	1
3O	MAC	Air Arabia Maroc	ARABIA MAROC	Morocco	This ICAO designator was previously used by Malta Air Charter	1
HD	ADO	AIRDO	AIR DO	Japan		1
X9	NVD	Avion Express	NORDVIND	Lithuania	Name changed from Nordic Solutions Air	1
8Q	BAJ	Baker Aviation	RODEO	United States		1
BA	BAW	British Airways	SPEEDBIRD	United Kingdom		1
BG	BBC	Biman Bangladesh Airlines	BANGLADESH	Bangladesh		1
BF	BBD	Bluebird Cargo	BLUE CARGO	Iceland		1
B4	BCF	BACH Flugbetriebsges	BACH	Austria		1
WX	BCY	CityJet	CITY JET	Ireland		1
BZ	BDA	Blue Dart Aviation	BLUE DART	India		1
JA	BON	B&amp;H Airlines	Air Bosna	Bosnia and Herzegovina		1
J4	BFL	Buffalo Airways	BUFFALO	Canada		1
A8	BGL	Benin Golf Air	BENIN GOLF	Benin		1
4T	BHP	Belair Airlines	BELAIR	Switzerland		1
UP	BHS	Bahamasair	BAHAMAS	Bahamas		1
BS	BIH	British International Helicopters	BRINTEL	United Kingdom		1
B4	BKA	Bankair	BANKAIR	United States		1
PG	BKP	Bangkok Airways	BANGKOK AIR	Thailand		1
KF	BLF	Blue1	BLUEFIN	Finland		1
JV	BLS	Bearskin Lake Air Service	BEARSKIN	Canada		1
B3	BLV	Bellview Airlines	BELLVIEW AIRLINES	Nigeria		1
BD	BMA	BMI	MIDLAND	United Kingdom	Ceased operations	1
BM	BMR	BMI Regional	MIDLAND	United Kingdom		1
WW	BMI	Bmibaby	BABY	United Kingdom	Ceased operations	1
CH	BMJ	Bemidji Airlines	BEMIDJI	United States		1
5Z	BML	Bismillah Airlines	BISMILLAH	Bangladesh		1
BO	BOU	Bouraq Indonesia Airlines	BOURAQ	Indonesia		1
BV	BPA	Blue Panorama Airlines	BLUE PANOROMA	Italy		1
7R	BRB	BRA-Transportes Aéreos	BRA-TRANSPAEREOS	Brazil		1
8E	BRG	Bering Air	BERING AIR	United States		1
B2	BRU	Belavia Belarusian Airlines	BELARUS AVIA	Belarus		1
BN	BNF	Braniff International Airways	Braniff	United States	defunct	0
GQ	BSY	Big Sky Airlines	BIG SKY	United States		1
V9	BTC	BAL Bashkirian Airlines	BASHKIRIAN	Russia		1
BQ	BTL	Baltia Air Lines	BALTIA	United States	Callsign changed from "BALTIA FLIGHT" in 2015	1
Y6	BTV	Batavia Air	BATAVIA	Indonesia	As of June 1, 2010, IATA code changed to Y6.	1
L9	BTZ	Bristow U.S. LLC	BRISTOW	United States		1
1T	BUC	Bulgarian Air Charter	BULGARIAN CHARTER	Bulgaria		1
BU	BUN	Buryat Airlines Aircompany	BURAL	Russia		1
J8	BVT	Berjaya Air	BERJAYA	Malaysia		1
QW	BWG	Blue Wings	BLUE WINGS	Germany	defunct	0
SN	BXI	Brussels International Airlines	XENIA	Belgium		1
8W?		BAX Global				1
DB	BZH	Brit Air	BRITAIR	France		1
E9	CXS	Boston-Maine Airways	CLIPPER CONNECTION	United States	Pan Am Clipper Connection Pan Am III	1
SN	BEL	Brussels Airlines	BEE-LINE	Belgium		1
NT	IBB	Binter Canarias	BINTER	Spain		1
0B	BMS	Blue Air	BLUE MESSANGER	Romania		1
KJ	LAJ	British Mediterranean Airways	BEE MED	United Kingdom		1
FB	LZB	Bulgaria Air	FLYING BULGARIA	Bulgaria		1
8N	NKF	Barents AirLink	NORDFLIGHT	Sweden	previously Nordkalottflyg	1
5C	ICL	CAL Cargo Air Lines	CAL	Israel		1
AW	SCH	CHC Airways	SCHREINER	Netherlands	formerly Schreiner Airways	1
3C	CMV	Calima Aviación	CALIMA	Spain		1
MO	CAV	Calm Air	CALM AIR	Canada		1
R9	CAM	Camai Air	AIR CAMAI	United States	Village Aviation	1
K6	KHV	Cambodia Angkor Air	ANGKOR AIR	Cambodia		1
UY	UYC	Cameroon Airlines	CAM-AIR	Cameroon	defunct	0
C6	CJA	CanJet	CANJET	Canada		1
CP	CDN	Canadian Airlines	CANADIAN	Canada	defunct	0
5T	MPE	Canadian North	EMPRESS	Canada	Air Norterra	1
CP	CPC	Canadian Pacific Airlines	EMPRESS	Canada	ICAO Code and callsign no longer allocated	0
W2	CWA	Canadian Western Airlines	CANADIAN WESTERN	Canada		1
9K	KAP	Cape Air	CAIR	United States		1
PT	CCI	Capital Cargo International Airlines	CAPPY	United States	Allocation deleted 2013	1
GG	GGC	Cargo 360	LONG-HAUL	United States		1
2G	CRG	Cargoitalia	WHITE PELICAN	Italy		1
W8	CJT	Cargojet Airways	CARGOJET	Canada		1
CV	CLX	Cargolux	CARGOLUX	Luxembourg		1
C8	ICV	Cargolux Italia	CARGO MED	Italy		1
BW	BWA	Caribbean Airlines	CARIBBEAN	Trinidad and Tobago		1
8B	GFI	Caribbean Star Airlines	CARIB STAR	Antigua and Barbuda		1
V3	KRP	Carpatair	CARPATAIR	Romania		1
RV	CPN	Caspian Airlines	CASPIAN	Iran		1
CX	CPA	Cathay Pacific	CATHAY	Hong Kong		1
KX	CAY	Cayman Airways	CAYMAN	Cayman Islands		1
5J	CEB	Cebu Pacific	CEBU	Philippines		1
7N	CNA	Centavia		Serbia		1
3B	CCG	Central Connect Airlines		Czech Republic		1
9M	GLR	Central Mountain Air	GLACIER	Canada		1
J7	CVC	Centre-Avia	AVIACENTRE	Russia		1
WE	CWC	Centurion Air Cargo	CHALLENGE CARGO	United States		1
OP	CHK	Chalk's International Airlines	CHALKS	United States		1
MG	CCP	Champion Air	CHAMPION AIR	United States		1
2Z	CGN	Chang An Airlines	CHANGAN	China		1
S8	CSU	Chari Aviation Services	CHARI SERVICE	Chad		1
RP	CHQ	Chautauqua Airlines	CHAUTAUQUA	United States	Was US*	1
C8	WDY	Chicago Express Airlines	WINDY CITY	United States	defunct	0
CI	CAL	China Airlines	DYNASTY	Taiwan		1
CK	CKK	China Cargo Airlines	CARGO KING	China		1
MU	CES	China Eastern Airlines	CHINA EASTERN	China		1
G5	HXA	China Express Airlines	CHINA EXPRESS	China		1
CJ	CBF	China Northern Airlines	CHINA NORTHERN	China	defunct.	0
WH	CNW	China Northwest Airlines	CHINA NORTHWEST	China	defunct	0
8Y	CYZ	China Postal Airlines	CHINA POST	China		1
CZ	CSN	China Southern Airlines	CHINA SOUTHERN	China		1
KN	CUA	China United Airlines	LIANHANG	China		1
XO	CXH	China Xinhua Airlines	XINHUA	China		1
3Q	CYH	China Yunnan Airlines	YUNNAN	China	defunct	0
X7	CHF	Chitaavia	CHITA	Russia		1
A2	CIU	Cielos Airlines	CIELOS	Peru		1
QI	CIM	Cimber Sterling	CIMBER	Denmark		1
C7	CIN	Cinnamon Air	CINNAMON	Sri Lanka		1
C9	RUS	Cirrus Airlines	CIRRUS AIR	Germany	defunct	0
CF	SDR	City Airline	SWEDESTAR	Sweden		1
G3	CIX	City Connexion Airlines	CONNEXION	Burundi	defunct	0
WX	BCY	CityJet	CITY-IRELAND	Ireland		1
CJ	CFE	CityFlyer Express	FLYER	United Kingdom		1
CT	CAT	Civil Air Transport	Mandarin	Taiwan	defunct	0
6P	ISG	Club Air	CLUBAIR	Italy		1
BX	CST	Coast Air	COAST CENTER	Norway		1
9L	CJC	Colgan Air	COLGAN	United States		1
YD	CAT	Cologne Air Transport GmbH		Germany	defunct since 1996	0
OH	COM	Comair	COMAIR	United States		1
MN	CAW	Comair	COMMERCIAL	South Africa		1
C5	UCA	CommutAir	COMMUTAIR	United States		1
KR	CWK	Comores Airlines	CONTICOM	Comoros		1
GJ	MXC	Compania Mexicargo	MEXICARGO	Mexico		1
CP	CPZ	Compass Airlines	Compass	United States		1
DE	CFG	Condor Flugdienst	CONDOR	Germany		1
CO	COA	Continental Airlines	CONTINENTAL	United States	ICAO Code and callsign withdrawn	1
PC	PVV	Continental Airways	CONTAIR	Russia		1
CS	CMI	Continental Micronesia	AIR MIKE	United States		1
V0	VCV	Conviasa	CONVIASA	Venezuela		1
CM	CMP	Copa Airlines	COPA	Panama		1
CQ	CCW	Central Charter	CENTRAL CHARTER	Czech Republic		1
XC	CAI	Corendon Airlines	CORENDON	Turkey	Turistik Hava Tasimacilik	1
CD	CND	Corendon Dutch Airlines	DUTCH CORENDON	Netherlands		1
SS	CRL	Corsairfly	CORSAIR	France		1
XK	CCM	Corse Méditerranée	CORSICA	France	Name changed to Air Corsica	1
F5	COZ	Cosmic Air	COSMIC AIR	Nepal		1
7C	COY	Coyne Aviation	COYNE AIR	United Kingdom		1
OU	CTN	Croatia Airlines	CROATIA	Croatia		1
QE	ECC	Crossair Europe	Cigogne	Switzerland		1
CU	CUB	Cubana de Aviación	CUBANA	Cuba		1
CY	CYP	Cyprus Airways	CYPRUS	Cyprus		1
YK	KYV	Cyprus Turkish Airlines	AIRKIBRIS	Turkey	Ceased operations 2010	1
OK	CSA	Czech Airlines	CSA	Czech Republic		1
8L	CGP	Cargo Plus Aviation		United Arab Emirates		1
GJ	CDC	CDI Cargo Airlines	HUALONG	China		1
V5	VPA	DanubeWings	VIP TAXI	Slovakia	Former names VIP Air and VIP Wings	1
WD	DSR	DAS Air Cargo	DAIRAIR	Uganda		1
DX	DTR	DAT Danish Air Transport	DANISH	Denmark		1
ES	DHX	DHL International	DILMUN	Bahrain		1
L3	JOS	DHL de Guatemala		Guatemala		1
D3	DAO	Daallo Airlines	DALO AIRLINES	Djibouti		1
N2	DAG	Dagestan Airlines	DAGAL	Russia		1
H8	KHB	Dalavia	DALAVIA	Russia		1
0D	DWT	Darwin Airline	DARWIN	Switzerland		1
D5	DAU	Dauair	DAUAIR	Germany		1
DL	DAL	Delta Air Lines	DELTA	United States		1
J7	DNM	Denim Air	DENIM	Netherlands		1
1I	AMB	Deutsche Rettungsflugwacht	CIVIL AIR AMBULANCE	Germany		1
AW	DIR	Dirgantara Air Service	DIRGANTARA	Indonesia		1
DH	DVA	Discovery Airways	DISCOVERY AIRWAYS	United States		1
YU	ADM	Dominair	DOMINAIR	Dominican Republic	defunct; former IATA code: SS; former name: Aerolíneas Dominicanas, ICAO code no longer allocated	0
DO	DOA	Dominicana de Aviación	DOMINICANA	Dominican Republic	defunct	0
E3	DMO	Domodedovo Airlines	DOMODEDOVO	Russia	defunct	0
D9	DNV	Donavia	DONAVIA	Russia	formerly Aeroflot-Don	1
5D	UDC	DonbassAero	DONBASS AERO	Ukraine		1
KA	HDA	Dragonair, Hong Kong Dragon Airlines	DRAGON	Hong Kong		1
KB	DRK	Druk Air	ROYAL BHUTAN	Bhutan		1
DI	BAG	Dba	SPEEDWAY	Germany	Merged into Air Berlin	0
9A	EZX	Eagle Express Air Charter	EAGLEXPRESS	Malaysia		1
VE	EUJ	EUjet	UNION JET	Ireland	defunct	0
BR	EVA	EVA Air	EVA	Taiwan		1
EY	EFL	Eagle Air	FLYING EAGLE	Tanzania		1
H7	EGU	Eagle Air	AFRICAN EAGLE	Uganda		1
NZ	EAG	Eagle Airways	EAGLE	New Zealand		1
QU	UTN	UTair-Ukraine	UT Ukraine	Ukraine		1
S9	HSA	East African Safari Air	DUMA	Kenya		1
ZE	ESR	Eastar Jet	EASTAR	South Korea		1
EA	EAL	Eastern Air Lines	EASTERN	United States	defunct	0
T3	EZE	Eastern Airways	EASTFLIGHT	United Kingdom		1
QF	EAQ	Eastern Australia Airlines	EASTERN	Australia	IATA dupe with parent QANTAS. Also uses 2 letter ICAO EA.	1
DK	ELA	Eastland Air		Australia		1
W9	SGR	Eastwind Airlines	STINGER	United States	defunct	0
WK	EDW	Edelweiss Air	EDELWEISS	Switzerland		1
MS	MSR	Egyptair	EGYPTAIR	Egypt		1
LY	ELY	El Al Israel Airlines	ELAL	Israel		1
UZ	BRQ	El-Buraq Air Transport	BURAQAIR	Libya		1
EK	UAE	Emirates Airline	EMIRATES	United Arab Emirates		1
EM	CFS	Empire Airlines	EMPIRE AIR	United States		1
EU	EEA	Empresa Ecuatoriana De Aviación	ECUATORIANA	Ecuador		1
G8	ENK	Enkor JSC	ENKOR	Russia		1
OF	ENT	Enter Air	ENTER	Poland		1
E0	ESS	Eos Airlines	NEW DAWN	United States		1
B8	ERT	Eritrean Airlines	ERITREAN	Eritrea		1
E7	ESF	Estafeta Carga Aérea		Mexico		1
OV	ELL	Estonian Air	ESTONIAN	Estonia		1
ET	ETH	Ethiopian Airlines	ETHIOPIAN	Ethiopia		1
EY	ETD	Etihad Airways	ETIHAD	United Arab Emirates		1
MM	MMZ	EuroAtlantic Airways	EUROATLANTIC	Portugal		1
UI	ECA	Eurocypria Airlines	EUROCYPRIA	Cyprus		1
GJ	EEZ	Eurofly	E-FLY	Italy		1
K2	ELO	Eurolot	EUROLOT	Poland		1
3W	EMX	Euromanx Airways	EUROMANX	Austria		1
5O	FPO	Europe Airpost	FRENCH POST	France		1
EA	EAL	European Air Express	STAR WING	Germany		1
QY	BCS	European Air Transport	EUROTRANS	Belgium		1
E7	EAF	European Aviation Air Charter	EUROCHARTER	United Kingdom		1
EW	EWG	Eurowings	EUROWINGS	Germany		1
EZ	EIA	Evergreen International Airlines	EVERGREEN	United States		1
JN	XLA	Excel Airways	EXPO	United Kingdom		1
MB	EXA	Execair Aviation	CANADIAN EXECAIRE	Canada		1
OW	EXK	Executive Airlines	EXECUTIVE EAGLE	United States	American Eagle	1
EO	LHN	Express One International	LONGHORN	United States	defunct	0
EV	ASQ	ExpressJet	ACEY	United States		1
U2	EZY	easyJet	EASY	United Kingdom		1
DS	EZS	easyJet Switzerland	TOPSWISS	Switzerland		1
EF	EFA	Far Eastern Air Transport	Far Eastern	Taiwan		1
F6	RCK	Faroejet	ROCKROSE	Faroe Islands		1
F3	FSW	Faso Airways	FASO	Burkina Faso		1
FX	FDX	Federal Express	FEDEX	United States		1
N8	HGK	Fika Salaama Airlines	SALAAMA	Uganda		1
4S	FNC	Finalair Congo	FINALAIR CONGO	Republic of the Congo		1
AY	FIN	Finnair	FINNAIR	Finland		1
FC	WBA	Finncomm Airlines	WESTBIRD	Finland		1
FY	FFM	Firefly	FIREFLY	Malaysia		1
7F	FAB	First Air	FIRST AIR	Canada		1
DP	FCA	First Choice Airways	JETSET	United Kingdom		1
8F	FFR	Fischer Air	FISCHER	Czech Republic		1
8D	EXV	FitsAir	EXPOAVIA	Sri Lanka		1
B5	FLT	Flightline	FLIGHTLINE	United Kingdom	defunct	0
PA	FCL	Florida Coastal Airlines	FLORIDA COASTAL	United States		1
RF	FWL	Florida West International Airways	FLO WEST	United States		1
F2	FLM	Fly Air	FLY WORLD	Turkey		1
OJ	FJM	Fly Jamaica Airways	GREENHEARTH	Jamaica		1
SH	FLY	Fly Me Sweden	FLYBIRD	Sweden		1
D7	XFA	FlyAsianXpress	FAX AIR	Malaysia		1
TE	LIL	FlyLal	LITHUANIA AIR	Lithuania	defunct	0
LF	NDC	FlyNordic	NORDIC	Sweden		1
F7	BBO	Flybaboo	BABOO	Switzerland		1
BE	BEE	Flybe	JERSEY	United Kingdom		1
Y2	GSM	Flyglobespan	GLOBESPAN	United Kingdom	defunct	0
W3	FYH	Flyhy Cargo Airlines	FLY HIGH	Thailand		1
VY	FOS	Formosa Airlines		Taiwan	defunct	0
HK	FSC	Four Star Aviation / Four Star Cargo	FOUR STAR	United States	Virgin Islands	1
FH	FHY	Freebird Airlines	FREEBIRD AIR	Turkey		1
SJ	FOM	Freedom Air	FREE AIR	New Zealand		1
FP	FRE	Freedom Air	FREEDOM	United States	Aviation Services	1
F9	FFT	Frontier Airlines	FRONTIER FLIGHT	United States		1
2F	FTA	Frontier Flying Service	FRONTIER-AIR	United States		1
FH	FUA	Futura International Airways	FUTURA	Spain	defunct	0
FZ	FDB	Flydubai	SKYDUBAI	UAE		1
9Y	FGE	Fly Georgia	GEORGIA WING	Georgia		1
GL	GRL	Air Greenland	GREENLAND	Greenland Denmark		1
GX	GBC	Guangxi Beibu Gulf Airlines		China		1
Y5	GMR	Golden Myanmar Airlines	GOLDEN MYANMAR	Myanmar		1
GT	GBL	GB Airways	GEEBEE AIRWAYS	United Kingdom		1
Z5	GMG	GMG Airlines	GMG	Bangladesh		1
7O	GAL	Galaxy Air	GALAXY	Kyrgyzstan		1
GC	GNR	Gambia International Airlines	GAMBIA INTERNATIONAL	Gambia		1
G7	GNF	Gandalf Airlines	Gandalf	Italy		1
GA	GIA	Garuda Indonesia	INDONESIA	Indonesia		1
4G	GZP	Gazpromavia	GAZPROMAVIA	Russia		1
GR	GCO	Gemini Air Cargo	GEMINI	United States		1
A9	TGZ	Georgian Airways	TAMAZI	Georgia		1
QB	GFG	Georgian National Airlines	NATIONAL	Georgia		1
ST	GMI	Germania	GERMANIA	Germany		1
4U	GWI	Germanwings	GERMAN WINGS	Germany		1
GP	GES	Gestair	GESTAIR	Spain		1
GH	GHA	Ghana Airways	GHANA	Ghana		0
G0	GHB	Ghana International Airlines	GHANA AIRLINES	Ghana		1
G8	GOW	GoAir	GOAIR	India		1
G7	GJS	GoJet Airlines	LINDBERGH	United States		1
G3	GLO	Gol Transportes Aéreos	GOL TRANSPORTE	Brazil	Brazilian low-cost airline.	1
DC	GAO	Golden Air	GOLDEN	Sweden		1
GS	GUN	Grant Aviation	HOOT	United States		1
ZK	GLA	Great Lakes Airlines	LAKES AIR	United States		1
IJ	GWL	Great Wall Airlines	GREAT WALL	China		1
G6	BSR	Guine Bissaur Airlines	BISSAU AIRLINES	Guinea-Bissau		1
J9	GIF	Guinee Airlines	GUINEE AIRLINES	Guinea	defunct	0
G8	GUJ	Gujarat Airways	GUJARATAIR	India		1
GF	GBA	Gulf Air Bahrain	GULF BAHRAIN	Bahrain		1
A5	HOP	Hop!	AIR HOP	France		1
H6	HAG	Hageland Aviation Services	HAGELAND	United States		1
HR	HHN	Hahn Air	ROOSTER	Germany		1
HU	CHH	Hainan Airlines	HAINAN	China		1
2T	HAM	Haiti Ambassador Airlines		Haiti		1
4R	HHI	Hamburg International	HAMBURG JET	Germany		1
X3	HLX	Hapag-Lloyd Express (TUIfly)	YELLOW CAB	Germany		1
HF	HLF	Hapagfly	HAPAG LLOYD	Germany	TUIfly	1
HB	HAR	Harbor Airlines	HARBOR	United States		1
HQ	HMY	Harmony Airways	HARMONY	Canada		1
HA	HAL	Hawaiian Airlines	HAWAIIAN	United States		1
HN	HVY	Heavylift Cargo Airlines	HEAVY CARGO	Australia		1
8H	HFR	Heli France	HELIFRANCE	France		1
JB	JBA	Helijet	HELIJET	Canada		1
ZU	HCY	Helios Airways	HELIOS	Cyprus		1
9I	HTA	Helitrans	SCANBIRD	Norway		1
HJ	HEJ	Hellas Jet	HELLAS JET	Greece	ceased operation in 2010	1
HW	FHE	Hello	FLYHELLO	Switzerland		1
2L	OAW	Helvetic Airways	HELVETIC	Switzerland		1
EO	ALX	Hewa Bora Airways	ALLCONGO	Democratic Republic of the Congo		1
UD	HER	Hex'Air	HEX AIRLINE	France		1
5K	HFY	Hi Fly	SKY FLYER	Portugal		1
H5	HOA	Hola Airlines	HOLA	Spain		1
HC	HCC	Holidays Czech Airlines	CZECH HOLIDAYS	Czech Republic		1
HX	CRK	Hong Kong Airlines	BAUHINIA	Hong Kong		1
UO	HKE	Hong Kong Express Airways	HONGKONG SHUTTLE	Hong Kong		1
QX	QXE	Horizon Air	HORIZON AIR	United States		1
BN	HZA	Horizon Airlines	HORIZON	Australia	defunct	0
IK	KAR	Ikar	IKAR	Russian Federation		1
II	CSQ	IBC Airways	CHASQUI	United States		1
0C	IBL	IBL Aviation	CATOVAIR	Mauritius		1
C3	IPR	Independent Carrier (ICAR)	ICAR	Ukraine		1
IB	IBE	Iberia Airlines	IBERIA	Spain		1
I2	IBS	Iberia Express	IBEREXPRESS	Spain	Charter service, low cost carrier for EU flights of Iberia operating only A320's	1
TY	IWD	Iberworld	IBERWORLD	Spain		1
FW	IBX	Ibex Airlines	IBEX	Japan		1
FI	ICE	Icelandair	ICEAIR	Iceland		1
V8	IAR	Iliamna Air Taxi	ILIAMNA AIR	United States		1
DH	IDE	Independence Air	INDEPENDENCE AIR	United States	defunct	0
6E	IGO	IndiGo Airlines	IFLY	India	Interglobe Aviation	1
IC	IAC	Indian Airlines	INDAIR	India		1
I9	IBU	Indigo	INDIGO BLUE	United States		1
QZ	AWQ	Indonesia AirAsia	WAGON AIR	Indonesia		1
IO	IAA	Indonesian Airlines	INDO LINES	Indonesia		1
H4	IIN	Inter Island Airways		Cape Verde		1
D6	ILN	Interair South Africa	INLINE	South Africa		1
ZA	SUW	Interavia Airlines	ASTAIR	Russia		1
RS	ICT	Intercontinental de Aviación	CONTAVIA	Colombia		1
ID	ITK	Interlink Airlines	INTERLINK	South Africa		1
6I	IBZ	International Business Air	INTERBIZ	Sweden	was U5	1
3L	ISK	Intersky	INTERSKY	Austria		1
I4	FWA	Interstate Airlines	FREEWAYAIR	Netherlands		1
IR	IRA	Iran Air	IRANAIR	Iran	Was B9	1
EP	IRC	Iran Aseman Airlines	ASEMAN	Iran		1
IA	IAW	Iraqi Airways	IRAQI	Iraq		1
IH	MZA	Irtysh Air	IRTYSH AIRLINES	Kazakhstan	Old IATA code: IT; old ICAO code: IRT	1
2S	SDY	Island Express	SANDY ISLE	United States		1
IF	ISW	Islas Airways	PINTADERA	Spain		1
WC	ISV	Islena De Inversiones		Honduras		1
6H	ISR	Israir	ISRAIR	Israel		1
FS	ACL	Itali Airlines	SPADA	Italy	Former name: Transporti Aerei Italiani; former IATA Code: 9X*; former ICAO code: ACO	1
GI	IKA	Itek Air	ITEK-AIR	Kyrgyzstan	?ICAO confirmed; IATA not	1
H9	IZM	Izair	IZMIR	Turkey		1
JC	JEX	JAL Express	JANEX	Japan		1
JO	JAZ	JALways	JALWAYS	Japan		1
MT	JMC	JMC Airlines	JAYEMMSEE	United Kingdom		1
JI	JAE	Jade Cargo International	JADE CARGO	China		1
3X	JAC	Japan Air Commuter	COMMUTER	Japan		1
JL	JAL	Japan Airlines	JAPANAIR	Japan	Japan Airlines International	1
JL	JAL	Japan Airlines Domestic	J-BIRD	Japan	defunct	0
EG	JAA	Japan Asia Airways	ASIA	Japan	defunct	0
NU	JTA	Japan Transocean Air	JAI OCEAN	Japan		1
JU	JAT	Jat Airways	JAT	Serbia	Name changed to Air Serbia	1
VJ	JTY	Jatayu Airlines	JATAYU	Indonesia		1
J9	JZR	Jazeera Airways	JAZEERA	Kuwait		1
7C	JJA	Jeju Air	JEJU AIR	Republic of Korea		1
9W	JAI	Jet Airways	JET AIRWAYS	India		1
PP	PJS	Jet Aviation	JETAVIATION	Switzerland		1
3K	JSA	Jetstar Asia Airways	JETSTAR ASIA	Singapore		1
LS	EXS	Jet2.com	CHANNEX	United Kingdom		1
B6	JBU	JetBlue Airways	JETBLUE	United States		1
JF	JAA	Jet Asia Airways	JET ASIA	Thailand		1
0J	JCS	Jetclub	JETCLUB	Switzerland		1
SG	JGO	JetsGo	JETSGO	Canada	defunct	0
JQ	JST	Jetstar Airways	JETSTAR	Australia		1
JM	JKT	Jetstar Hong Kong Airways	KAITAK	China		1
JX	JEC	Jett8 Airlines Cargo		Singapore		1
JO	JTG	Jettime	JETTIME	Denmark		1
GX	JXX	JetX Airlines	JETBIRD	Iceland		1
R5	JAV	Jordan Aviation	JORDAN AVIATION	Jordan		1
J4	JCI	Jordan International Air Cargo		Jordan		1
6J	JUB	Jubba Airways	JUBBA	Somalia		1
HO	DKH	Juneyao Airlines	JUNEYAO AIRLINES	China		1
KW	KHK	Kharkiv Airlines	SUNRAY	Ukraine		1
KD	KLS	Kalstar Aviation	KALSTAR	Indonesia		1
KD	KNI	KD Avia	KALININGRAD AIR	Russia		1
WA	KLC	KLM Cityhopper	KLM	Netherlands		1
KL	KLM	KLM	KLM	Netherlands		1
N2	QNK	Kabo Air	KABO	Nigeria		1
K4	CKS	Kalitta Air	CONNIE	United States	Operates 747-200's &amp; -400's	1
K9	KFS	Kalitta Charters	KALITTA	United States	Operates Lear 20's &amp; 30's, Falcon 20's, &amp; King Airs	1
CB	KFS	Kalitta Charters II	KALITTA	United States	Operates B727-200's &amp; DC9's	1
RQ	KMF	Kam Air	KAMGAR	Afghanistan		1
E2	KMP	Kampuchea Airlines	KAMPUCHEA	Cambodia	IATA was KT	1
V2	AKT	Karat	AVIAKARAT	Russia		1
KV	MVD	Kavminvodyavia	AIR MINVODY	Russia		1
M5	KEN	Kenmore Air	KENMORE	United States		1
KQ	KQA	Kenya Airways	KENYA	Kenya		1
BZ	KEE	Keystone Air Service	KEYSTONE	Canada		1
IT	KFR	Kingfisher Airlines	KINGFISHER	India		1
Y9	IRK	Kish Air	KISHAIR	Iran		1
KP	KIA	Kiwi International Air Lines	KIWI AIR	United States		1
7K	KGL	Kogalymavia Air Company	KOGALYM	Russia		1
8J	KMV	Komiinteravia	KOMIINTER	Russia		1
KE	KAL	Korean Air	KOREANAIR	South Korea		1
7B	KJC	Krasnojarsky Airlines	KRASNOJARSKY AIR	Russia	defunct	0
K9	KRI	Krylo Airlines	Krylo	Russia		1
GW	KIL	Kuban Airlines	AIR KUBAN	Russia		1
VD	KPA	Kunpeng Airlines	KUNPENG	China		1
KU	KAC	Kuwait Airways	KUWAITI	Kuwait		1
GO	KZU	Kuzu Airlines Cargo	KUZU CARGO	Turkey		1
N5	KGZ	Kyrgyz Airlines	BERMET	Kyrgyzstan		1
QH	LYN	Kyrgyzstan	ALTYN AVIA	Kyrgyzstan	Name changed to Air Kyrgyzstan	1
R8	KGA	Kyrgyzstan Airlines	KYRGYZ	Kyrgyzstan		1
FK	KEW	Keewatin Air	BLIZZARD	Canada		1
JF	LAB	L.A.B. Flying Service	LAB	United States		1
LR	LRC	LACSA	LACSA	Costa Rica		1
KG	BNX	LAI - Línea Aérea IAACA	AIR BARINAS	Venezuela		1
LA	LAN	LAN Airlines	LAN CHILE	Chile		1
4M	DSM	Aero 2000	LAN AR	Argentina		1
LU	LXP	LAN Express	LANEX	Chile		1
LP	LPE	LAN Peru	LANPERU	Peru		1
LO	LOT	LOT Polish Airlines	POLLOT	Poland		1
XO	LTE	LTE International Airways	FUN JET	Spain		1
L3	LTO	LTU Austria	BILLA TRANSPORT	Austria		1
LT	LTU	LTU International	LTU	Germany		1
N6	JEV	Lagun Air		Spain		1
IK	LKN	Lankair	Lankair	Sri Lanka		1
QL	RLN	Lankan Cargo	AERO LANKA	Sri Lanka		1
QV	LAO	Lao Airlines	LAO	Lao Peoples Democratic Republic		1
L7	LPN	Laoag International Airlines	LAOAG AIR	Philippines		1
NG	LDA	Lauda Air	LAUDA AIR	Austria		1
LQ	LAQ	Lebanese Air Transport	LAT	Lebanon		1
LI	LIA	Leeward Islands Air Transport	LIAT	Antigua and Barbuda		1
LN	LAA	Libyan Arab Airlines	LIBAIR	Libya		1
L7	LNP	Línea Aérea SAPSA	SAPSA	Chile		1
QL	LER	Línea Aérea de Servicio Ejecutivo Regional	LASER	Venezuela		1
LD	TUY	Línea Turística Aereotuy	AEREOTUY	Venezuela		1
ZE	LCD	Líneas Aéreas Azteca	LINEAS AZTECA	Mexico	defunct	0
TM	LAM	Linhas Aéreas de Moçambique	MOZAMBIQUE	Mozambique		1
JT	LNI	Lion Mentari Airlines	LION INTER	Indonesia		1
LM	LVG	Livingston	LIVINGSTON	Italy		1
LB	LLB	Lloyd Aéreo Boliviano	LLOYDAEREO	Bolivia		1
LC	LOG	Loganair	LOGAN	United Kingdom		1
HE	LGW	Luftfahrtgesellschaft Walter	WALTER	Germany		1
LH	DLH	Lufthansa	LUFTHANSA	Germany		1
LH	GEC	Lufthansa Cargo	LUFTHANSA CARGO	Germany		1
CL	CLH	Lufthansa CityLine	HANSALINE	Germany		1
DV	LTF	Lufttaxi Fluggesellschaft	Garfield	Germany		1
L5	LTR	Lufttransport	LUFT TRANSPORT	Norway		1
LG	LGL	Luxair	LUXAIR	Luxembourg		1
5V	UKW	Lviv Airlines	UKRAINE WEST	Ukraine		1
L2	LYC	Lynden Air Cargo	LYNDEN	United States		1
L4	SSX	Lynx Aviation	SHASTA	United States	Part of Frontier Airlines	1
Z8	AZN	Línea Aérea Amaszonas		Bolivia		1
MJ	LPR	Líneas Aéreas Privadas Argentinas	LAPA	Argentina	defunct	0
OD	MXD	Malindo Airways	MALINDO EXPRESS	Malaysia		1
AQ	MPJ	MAP-Management and Planung	MAPJET	Austria		1
M7	MAA	MasAir	MAS CARGA	Mexico		1
MH	MWG	MASwings	MASWINGS	Malaysia		1
IN	MAK	MAT Macedonian Airlines	MAKAVIO	Macedonia		1
OM	MGL	MIAT Mongolian Airlines	MONGOL AIR	Mongolia		1
MB	MNB	MNG Airlines	BLACK SEA	Turkey		1
CC	MCK	Macair Airlines		Australia		1
W5	IRM	Mahan Air	MAHAN AIR	Iran		1
M2	MZS	Mahfooz Aviation	MAHFOOZ	Gambia		1
MH	MAS	Malaysia Airlines	MALAYSIAN	Malaysia		1
TF	SCW	Malmö Aviation	SCANWING	Sweden		1
R5	MAC	Malta Air Charter	MALTA CHARTER	Malta	Defunct?	0
MA	MAH	Malév Hungarian Airlines	MALEV	Hungary		1
RI	MDL	Mandala Airlines	MANDALA	Indonesia		1
AE	MDA	Mandarin Airlines	MANDARIN	Taiwan		1
JE	MNO	Mango	TULCA	South Africa		1
6V	MRW	Mars RK	AVIAMARS	Ukraine		1
M7	MSL	Marsland Aviation	MARSLANDAIR	Sudan		1
MP	MPH	Martinair	MARTINAIR	Netherlands		1
H5	MVL	Mavial Magadan Airlines	Mavial	Russia		1
8M	MXL	Maxair	MAXAIR	Sweden		1
MY	MXJ	Maxjet Airways	MAX-JET	United States	Defunct	0
MW	MYD	Maya Island Air	MYLAND	Belize		1
M8	MKN	Mekong Airlines	MEKONG AIRLINES	Cambodia	Defunct	0
IM	MNJ	Menajet	MENAJET	Lebanon		1
IG	ISS	Meridiana	MERIDIANA	Italy	Callsign was MERAIR	1
MZ	MNA	Merpati Nusantara Airlines	MERPATI	Indonesia		1
YV	ASH	Mesa Airlines	AIR SHUTTLE	United States		1
XJ	MES	Mesaba Airlines	MESABA	United States		1
MX	MXA	Mexicana de Aviación	MEXICANA	Mexico		1
GL	BSK	Miami Air International	BISCAYNE	United States		1
ME	MEA	Middle East Airlines	CEDAR JET	Lebanon		1
JI	MDW	Midway Airlines (1993–2003)	MIDWAY	United States	defunct	0
ML	MDW	Midway Airlines (1976–1991)	MIDWAY	United States	defunct	0
YX	MEP	Midwest Airlines	MIDEX	United States		1
MY	MWA	Midwest Airlines (Egypt)		Egypt		1
MJ	MLR	Mihin Lanka	MIHIN LANKA	Sri Lanka		1
7M	MSA	Mistral Air	AIRMERCI	Italy		1
2M	MDV	Moldavian Airlines	MOLDAVIAN	Moldova		1
ZB	MON	Monarch Airlines	MONARCH	United Kingdom		1
YM	MGX	Montenegro Airlines	MONTENEGRO	Montenegro	former callsign was "MONTAIR"	1
5M	MNT	Montserrat Airways	MONTSERRAT	Montserrat		1
3R	GAI	Moskovia Airlines	GROMOV AIRLINE	Russia	JSC	1
M9	MSI	Motor Sich	MOTOR SICH	Ukraine		1
NM	NZM	Mount Cook Airlines	MOUNTCOOK	New Zealand		1
N4	MTC	Mountain Air Company	MOUNTAIN LEONE	Sierra Leone		1
VZ	MYT	MyTravel Airways	KESTREL	United Kingdom	Defunct, callsign now used by Thomas Cook Airlines	0
UB	UBA	Myanma Airways	UNIONAIR	Myanmar		1
8M	MMA	Myanmar Airways International	MYANMAR	Myanmar		1
DV	ACK	Nantucket Airlines	ACK AIR	United States	WAS 9k	1
UE	NAS	Nasair	NASAIRWAYS	Eritrea		1
N4	NCN	National Airlines		Chile		1
N7	ROK	National Airlines	RED ROCK	United States	defunct	0
NA	NAL	National Airlines	NATIONAL	United States	defunct	0
N8	NCR	National Air Cargo dba National Airlines	NATIONAL CARGO	United States		1
NC	NJS	National Jet Systems	NATIONAL JET	Australia		1
CE	NTW	Nationwide Airlines	NATIONWIDE	South Africa		1
RA	RNA	Nepal Airlines	ROYAL NEPAL	Nepal	was Royal Nepal Airlines	0
NO	NOS	Neos	MOONFLOWER	Italy		1
1I	EJA	NetJets	EXECJET	United States		1
EJ	NEA	New England Airlines	NEW ENGLAND	United States		1
2N	NTJ	NextJet	NEXTJET	Sweden		1
HG	NLY	Niki	FLYNIKI	Austria		1
KZ	NCA	Nippon Cargo Airlines	NIPPON CARGO	Japan		1
DD	NOK	Nok Air	NOK AIR	Thailand		1
5N	AUL	Nordavia	ARCHANGELSK AIR	Russia		1
JH	NES	Nordeste Linhas Aéreas Regionais	NORDESTE	Brazil		1
6N	NRD	Nordic Regional	NORTH RIDER	Sweden		1
N4	NWS	Nordwind Airlines	NORDLAND	Russia		1
NA	NAO	North American Airlines	NORTH AMERICAN	United States		1
M3	NFA	North Flying	NORTH FLYING	Denmark		1
HW	NWL	North-Wright Airways	NORTHWRIGHT	Canada		1
NC	NAC	Northern Air Cargo	YUKON	United States		1
NW	NWA	Northwest Airlines	NORTHWEST	United States	defunct merged with Delta Air Lines	0
FY	NWR	Northwest Regional Airlines		Australia		1
J3	PLR	Northwestern Air	POLARIS	Canada		1
DY	NAX	Norwegian Air Shuttle	NOR SHUTTLE	Norway		1
D8	IBK	Norwegian Air International LTD.	NORTRANS	Ireland	subsidiary of Norwegian Air Shuttle	1
BJ	LBT	Nouvel Air Tunisie	NOUVELAIR	Tunisia		1
O9	NOV	Nova Airline	NOVANILE	Sudan		1
1I	NVR	Novair	NAVIGATOR	Sweden		1
VQ	NVQ	Novo Air	NOVO AIR	Bangladesh		1
N6	ACQ	Nuevo Continente	AERO CONTINENTE	Peru	Operating license revoked by Chile 10/06/2002; Ceased operations 2005; Former name: Aero Continente	0
UQ	OCM	O'Connor Airlines	OCONNOR	Australia	Defunct - Bankrupt	0
CR	ABC	OAG		United Kingdom		1
O8	OHK	Oasis Hong Kong Airlines	OASIS	Hong Kong	Defunct	0
VC	VCX	Ocean Airlines	OCEANCARGO	Italy		1
O6	ONE	Avianca Brazil	OCEANAIR	Brazil	formerly Oceanair	1
OA	OAL	Olympic Air	OLYMPIC	Greece		1
WY	OMA	Oman Air	OMAN AIR	Oman		1
OY	OAE	Omni Air International	OMNI-EXPRESS	United States		1
N3	OMS	Omskavia Airline	OMSK	Russia		1
8Q	OHY	Onur Air	ONUR AIR	Turkey		1
R2	ORB	Orenburg Airlines	ORENBURG	Russia		1
OX	OEA	Orient Thai Airlines	ORIENT THAI	Thailand		1
QO	OGN	Origin Pacific Airways	ORIGIN	New Zealand		1
OL	OLT	OLT Express Germany	OLTRA	Germany		1
ON	RON	Our Airline	OUR AIRLINE	Nauru	formerly Air Nauru	1
OJ	OLA	Overland Airways	OVERLAND	Nigeria		1
OZ	OZR	Ozark Air Lines	OZARK	United States	Defunct	0
O7	OZJ	Ozjet Airlines	AUSJET	Australia		1
OA	OAL	Olympic Airlines	OLYMPIC	Greece	Defunct	0
OB	AAN	Oasis International Airlines	OASIS	Spain	Ceased operations	0
PV	PNR	PAN Air	SKYJET	Spain		1
9Q	PBA	PB Air	PEEBEE AIR	Thailand		1
PU	PUA	PLUNA	PLUNA	Uruguay		1
U4	PMT	PMTair	MULTITRADE	Cambodia	Progress Multitrade	1
Y5	PCE	Pace Airlines	PACE	United States		1
BL	PIC	Pacific Airlines	PACIFIC AIRLINES	Vietnam		1
DJ	PBN	Pacific Blue	BLUEBIRD	New Zealand	Controlled Dupe IATA with Virgin Australia	1
8P	PCO	Pacific Coastal Airlines	PASCO	Canada		1
Q8	PEC	Pacific East Asia Cargo Airlines	PAC-EAST CARGO	Philippines		1
LW	NMI	Pacific Wings	TSUNAMI	United States		1
PK	PIA	Pakistan International Airlines	PAKISTAN	Pakistan		1
GP	PTP	Palau Trans Pacific Airlines	TRANS PACIFIC	Palau		1
PF	PNW	Palestinian Airlines	PALESTINIAN	Egypt		1
NR	PIR	Pamir Airways	PAMIR	Afghanistan		1
7N	PWD	PAWA Dominicana		Dominican Republic		1
PA	PAA	Pan American Airways		United States	defunct	0
PA	PAA	Pan American World Airways	CLIPPER	United States		1
P8	PTN	Pantanal Linhas Aéreas	PANTANAL	Brazil		1
I7	PMW	Paramount Airways	PARAWAY	India		1
P3	PTB	Passaredo Transportes Aéreos	PASSAREDO	Brazil		1
HP	HPA	Pearl Airways	PEARL AIRWAYS	Haiti	IATA code withdrawn	1
PC	PGT	Pegasus Airlines	SUNTURK	Turkey	WAS 1I, H9	1
PE	PEV	People's Viennaline	PEOPLES	Switzerland	Previously used by Pegaviation	1
KS	PEN	Peninsula Airways	PENINSULA	United States		1
P9	PGP	Perm Airlines	PERM AIR	Russia		1
P9	PVN	Peruvian Airlines		Peru		1
PR	PAL	Philippine Airlines	PHILIPPINE	Philippines		1
9R	VAP	Phuket Air	PHUKET AIR	Thailand		1
PI	PDT	Piedmont Airlines (1948-1989)	PIEDMONT	United States	defunct	0
9E	FLG	Pinnacle Airlines	FLAGSHIP	United States		1
PO	PAC	Polar Air Cargo	POLAR	United States		1
PH	PAO	Polynesian Airlines	POLYNESIAN	Samoa		1
DJ	PLB	Polynesian Blue	POLYBLUE	New Zealand	Controlled Dupe IATA, Code reserved but not in use, PBN (Bluebird) used.	1
PD	POE	Porter Airlines	PORTER	Canada		1
NI	PGA	Portugalia	PORTUGALIA	Portugal		1
BK	PDC	Potomac Air	DISTRICT	United States		1
PW	PRF	Precision Air	PRECISION AIR	Tanzania		1
TO	PSD	President Airlines		Cambodia		1
FE	WCP	Primaris Airlines	WHITECAP	United States		1
8W	PWF	Private Wings Flugcharter	PRIVATE WINGS	Germany		1
P6	PVG	Privilege Style Líneas Aéreas	PRIVILEGE	Spain		1
P0	PFZ	Proflight Zambia	PROFLIGHT-ZAMBIA	Zambia		1
FV	PLK	Pulkovo Aviation Enterprise	PULKOVO	Russia	defunct merged into Rossiya (airline)	0
QF	QFA	Qantas	QANTAS	Australia		1
QR	QTR	Qatar Airways	QATARI	Qatar		1
8L	RHC	Redhill Aviation	REDAIR	United Kingdom		1
V4	REK	Reem Air	REEM AIR	Kyrgyzstan		1
FN	RGL	Regional Air Lines	MAROC REGIONAL	Morocco		1
ZL	RXA	Regional Express	REX	Australia		1
3C	CEA	RegionsAir	CORP-X	United States	formerly Corporate Airlines	1
QQ	ROA	Reno Air	RENO AIR	United States	defunct	0
RW	RPA	Republic Airlines	BRICKYARD	United States		1
RH	RPH	Republic Express Airlines	PUBLIC EXPRESS	Indonesia		1
C7	RLE	Rico Linhas Aéreas	RICO	Brazil		1
E2	GRN	Rio Grande Air	GRANDE	United States	defunct	0
RL	RIO	Rio Linhas Aéreas	RIO	Brazil		1
SL	RSL	Rio Sul Serviços Aéreos Regionais	RIO SUL	Brazil	defunct	0
V2	RBY	Vision Airlines	RUBY	United States	Charter Airline and Las Vegas Tours	1
FV	SDM	Rossiya	RUSSIA	Russia	Airline merged with Pulkovo Aviation Enterprise and renamed to Rossiya	1
GZ	RAR	Air Rarotonga	AIR RAROTONGA	Cook Islands		1
RR	RFR	Royal Air Force	RAFAIR	United Kingdom		1
RS	MJN	Royal Air Force of Oman	MAJAN	Oman		1
AT	RAM	Royal Air Maroc	ROYALAIR MAROC	Morocco		1
R0	RPK	Royal Airlines	ROYAL PAKISTAN	Pakistan		1
V5	RYL	Royal Aruban Airlines	ROYAL ARUBAN	Aruba		1
BI	RBA	Royal Brunei Airlines	BRUNEI	Brunei		1
RJ	RJA	Royal Jordanian	JORDANIAN	Jordan		1
RK	RCT	Skyview Airways	GREENSKY	THAILAND	2014	1
RL	PPW	Royal Phnom Penh Airways	PHNOM-PENH AIR	Cambodia		1
WR	HRH	Royal Tongan Airlines	TONGA ROYAL	Tonga		1
P7	ESL	Russian Sky Airlines	RADUGA	Russia		1
WB	RWD	Rwandair Express	RWANDAIR	Rwanda		1
7S	RCT	Ryan Air Service	ARCTIC TRANSPORT	United States		1
RD	RYN	Ryan International Airlines	RYAN INTERNATIONAL	United States		1
FR	RYR	Ryanair	RYANAIR	Ireland		1
YS	RAE	Régional Compagnie Aérienne Européenne	REGIONAL EUROPE	France		1
TZ	SCO	Scoot	SCOOTER	Singapore		1
IJ	SJO	Spring Airlines Japan	JEY SPRING	Japan		1
6Y	ART	Smartlynx Airlines	SMART LYNX	Latvia		1
GW	SGR	SkyGreece Airlines	SKYGREECE	Greece		1
7E	AWU	Sylt Air GmbH	SYLT-AIR	Germany		1
S4	RZO	SATA International	AIR AZORES	Portugal		1
SA	SAA	South African Airways	SPRINGBOK	South Africa		1
RS	SKV	Sky Regional Airlines	MAPLE	Canada		1
W7	SAH	Sayakhat Airlines	SAYAKHAT	Kazakhstan		1
NL	SAI	Shaheen Air International	SHAHEEN AIR	Pakistan		1
MM	SAM	SAM Colombia	SAM	Colombia	Sociedad Aeronáutica De Medellín	1
SK	SAS	Scandinavian Airlines	SCANDINAVIAN	Sweden, Denmark and Norway		1
UG	SEN	SevenAir	S-BAR	United States		1
S7	SBI	S7 Airlines	SIBERIAN AIRLINES	Russia		1
BB	SBS	Seaborne Airlines	SEABORNE	United States		1
PV	SBU	St Barth Commuter	BLACK FIN	France		1
K5	SQH	SeaPort Airlines	SASQUATCH	United States	Former airline: Wings of Alaska now part of SeaPort Airlines. Alternative callsign: WINGS (for VFR flights only). Former ICAO code: WAK.	1
W3	SCL	Switfair Cargo	SWIFTAIR	Canada		1
FP	AND	Servicios Aereos De Los Andes	SERVI ANDES	Peru	2014	1
UL	ALK	SriLankan Airlines	SRILANKAN	Sri Lanka		1
SY	SCX	Sun Country Airlines	SUN COUNTRY	United States		1
SG	SEJ	Spicejet	SPICEJET	India		1
I6	SEQ	Sky Eyes	SKY EYES	Thailand		1
EH	SET	SAETA	SAETA	Ecuador		1
7G	SFJ	Star Flyer	STARFLYER	Japan		1
FA	SFR	Safair	CARGO	South Africa		1
N5	SGY	Skagway Air Service	SKAGWAY AIR	United States		1
HZ	SHU	Sakhalinskie Aviatrassy (SAT)	SATAIR	Russia		1
SP	SAT	SATA Air Acores	SATA	Portugal		1
ZY	SHY	Sky Airlines	ANTALYA BIRD	Turkey		1
SQ	SIA	Singapore Airlines	SINGAPORE	Singapore		1
5M	SIB	Sibaviatrans	SIBAVIA	Russia		1
SI	SIH	Skynet Airlines	BLUEJET	Ireland		1
XS	SIT	SITA		Belgium		1
ZS	SMY	Sama Airlines	NAJIM	Saudi Arabia		1
SQ	SQC	Singapore Airlines Cargo	SINGCARGO	Singapore		1
FT	SRH	Siem Reap Airways	SIEMREAP AIR	Cambodia		1
SX	SRK	Sky Work Airlines	SKYFOX	Switzerland		1
SM	SRL	Swedline Express	Starline	Sweden	Ceased operations 2006	1
S6	SRR	Star Air	WHITESTAR	Denmark		1
D2	SSF	Severstal Air Company	SEVERSTAL	Russia		1
VD	BBB	SwedJet Airways	BLACKBIRD	Sweden		1
QF	SSQ	Sunstate Airlines	SUNSTATE	Australia	Uses IATA of parent QANTAS.	1
5G	SSV	Skyservice Airlines	SKYTOUR	Canada	defunct	0
RE	STK	Stobart Air	STOBART	Ireland		1
FS	STU	Servicios de Transportes Aéreos Fueguinos	FUEGUINO	Argentina	ICAO and call sign not current	1
SD	SUD	Sudan Airways	SUDANAIR	Sudan		1
PI	SUF	Sun Air (Fiji)	SUNFLOWER	Fiji		1
LW	FDY	Sun Air International	FRIENDLY	United States		1
EZ	SUS	Sun Air of Scandinavia	SUNSCAN	Denmark		1
SV	SVA	Saudia	SAUDIA	Saudi Arabia		1
WN	SWA	Southwest Airlines	SOUTHWEST	United States		1
A4	SWD	Southern Winds Airlines	SOUTHERN WINDS	Argentina		1
WG	SWG	Sunwing Airlines	SUNWING	Canada		1
LX	SWR	Swiss International Air Lines	SWISS	Switzerland		1
SR	SWR	Swissair	SWISSAIR	Switzerland	defunct	0
LX	SWU	Swiss European Air Lines	EUROSWISS	Switzerland		1
WV	SWV	Swe Fly	FLYING SWEDE	Sweden		1
S8	SWW	Shovkoviy Shlyah	WAY AERO	Ukraine		1
Q4	SWX	Swazi Express Airways	SWAZI EXPRESS	Swaziland		1
S8	SWZ	Skywise Airline	SKYWISE	South Africa		1
XQ	SXS	SunExpress	SUNEXPRESS	Turkey		1
RB	SYR	Syrian Arab Airlines	SYRIANAIR	Syrian Arab Republic		1
AL	SYX	Skywalk Airlines	SKYWAY-EX	United States	(Astral Aviation)	1
ZP	AZQ	Silk Way Airlines	SILK LINE	Azerbaijan		1
E5	BRZ	Samara Airlines	BERYOZA	Russia	defunct	0
SC	CDG	Shandong Airlines	SHANDONG	China		1
SK	CNO	SAS Braathens	SCANOR	Norway		1
9C	CQH	Spring Airlines	AIR SPRING	China		1
3U	CSC	Sichuan Airlines	SI CHUAN	China		1
FM	CSH	Shanghai Airlines	SHANGHAI AIR	China		1
ZH	CSZ	Shenzhen Airlines	SHENZHEN AIR	China		1
8C	CXI	Shanxi Airlines	SHANXI	China		1
7L	ERO	Sun D'Or	ECHO ROMEO	Israel		1
NE	ESK	SkyEurope	RELAX	Slovakia	Defunct	0
CQ	EXL	Sunshine Express Airlines		Australia		1
SO	HKA	Superior Aviation	SPEND AIR	United States		1
TE	IGA	Skytaxi	IGUANA	Poland		1
JK	JKK	Spanair	SPANAIR	Spain	defunct	0
2G	MRR	San Juan Airlines	MARINER	United States		1
1Z	APD	Sabre Pacific		Australia		1
NK	NKS	Spirit Airlines	SPIRIT WINGS	United States		1
S0	OKS	Slok Air Gambia	SLOK GAMBIA	Gambia		1
SO	OSL	Sosoliso Airlines	SOSOLISO	Nigeria		1
1I	PZR	Sky Trek International Airlines	PHAZER	United States		1
SX	SKB	Skybus Airlines	SKYBUS	United States	defunct	0
RU	SKI	SkyKing Turks and Caicos Airways	SKYKING	Turks and Caicos Islands	IATA was QW	1
S3	BBR	Santa Barbara Airlines	SANTA BARBARA	Venezuela		1
XT	SKT	SkyStar Airways	SKY YOU	Thailand		1
H2	SKU	Sky Airline	AEROSKY	Chile		1
OO	SKW	SkyWest Airlines	SKYWEST	United States		1
JZ	SKX	Skyways Express	SKY EXPRESS	Sweden	Ceased operations 2012; Operations continue as Avia Express	1
BC	SKY	Skymark Airlines	SKYMARK	Japan		1
LJ	SLA	Sierra National Airlines	SELAIR	Sierra Leone		1
MI	SLK	SilkAir	SILKAIR	Singapore		1
6Q	SLL	Slovak Airlines	SLOV LINE	Slovakia		1
PY	SLM	Surinam Airways	SURINAM	Suriname		1
NB	SNB	Sterling Airlines	STERLING	Denmark		1
6J	SNJ	Skynet Asia Airways	NEWSKY	Japan		1
IE	SOL	Solomon Airlines	SOLOMON	Solomon Islands		1
6W	SOV	Saratov Airlines Joint Stock Company	SARATOV AIR	Russia		1
HZ	SOZ	Sat Airlines	SATCO	Kazakhstan		1
S5	TCF	Shuttle America	MERCURY	United States		1
Q4	TLK	Starlink Aviation	STARLINK	Canada		1
V9	HCW	Star1 Airlines	STAR1	Lithuania	defunct	0
SO	AAS	Sunshine Airlines			defunct	0
EQ	TAE	TAME	TAME	Ecuador	Transporte Aéreos Militares Ecuatorianos	1
JJ	TAM	TAM Brazilian Airlines	TAM	Brazil		1
TP	TAP	TAP Portugal	AIR PORTUGAL	Portugal		1
TU	TAR	Tunisair	TUNAIR	Tunisia		1
3V	TAY	TNT Airways	QUALITY	Belgium		1
TR	TBA	Transbrasil	TRANSBRASIL	Brazil	defunct	0
M7	TBG	Tropical Airways		Haiti		1
T2	TCG	Thai Air Cargo	THAI CARGO	Thailand		1
HQ	TCW	Thomas Cook Airlines	THOMAS COOK	Belgium		1
MT	TCX	Thomas Cook Airlines	KESTREL	United Kingdom	Formerly "TOP JET"	0
TQ	TDM	Tandem Aero	TANDEM	Moldova		1
L9	TLW	Teamline Air	Teamline	Austria		1
UE	TEP	Transeuropean Airlines	TRANSEURLINE	Russia		1
2S	TGR	Satgur Air Transport	SATGURAIR	Liberia	defunct	0
ZT	AWC	Titan Airways	ZAP	United Kingdom		1
TR	TGW	Tigerair Singapore	GO CAT	Singapore		1
TT	TGW	Tigerair Australia	GO CAT	Australia		1
IT	TTW	Tigerair Taiwan	SMART CAT	Taiwan		1
DG	SRQ	Tigerair Philippines	SEATIGER	Philippines	Formerly SEAir and to be renamed to Go! Air	1
TG	THA	Thai Airways International	THAI	Thailand		1
FD	AIQ	Thai AirAsia	THAI ASIA	Thailand		1
TK	THY	Turkish Airlines	TURKISH	Turkey		1
T7	TJT	Twin Jet	TWINJET	France		1
9I	TKY	Thai Sky Airlines	THAI SKY	Thailand		1
TD	TLP	Tulip Air	TULIPAIR	Netherlands		1
TL	TMA	Trans Mediterranean Airlines	TANGO LIMA	Lebanon		1
GY	TMG	Tri-MG Intra Asia Airlines	TRILINES	Indonesia		1
OF	TML	Transports et Travaux Aériens de Madagascar	TAM AIRLINE	Madagascar		1
3P	TNM	Tiara Air	TIARA	Aruba		1
7T	TOB	Tobruk Air	TOBRUK AIR	Libya		1
TI	TOL	Tol-Air Services	TOL AIR	United States		1
BY	TOM	Thomson Airways	TOMSON	United Kingdom		1
PM	TOS	Tropic Air	TROPISER	Belize		1
QT	TPA	TAMPA	TAMPA	Colombia		1
GE	TNA	TransAsia Airways		Taiwan		1
TO	TVF	Transavia France	FRANCE SOLEIL	France		1
HV	TRA	Transavia Holland	TRANSAVIA	Netherlands		1
VR	TCV	TACV	CABOVERDE	Cape Verde		1
T9	TRZ	TransMeridian Airlines	TRANS-MERIDIAN	United States	Defunct	0
TH	TSE	Transmile Air Services	TRANSMILE	Malaysia		1
S5	TSJ	Trast Aero	TRAST AERO	Kyrgyzstan		1
9T	ABS	Transwest Air	ATHABASKA	Canada		1
UN	TSO	Transaero Airlines	TRANSOVIET	Russia		1
T9	TSX	Thai Star Airlines	THAI STAR	Thailand		1
UG	TUI	Tuninter		Tunisia		1
7O	TVL	Travel Service	TRAVEL SERVICE	Hungary		1
T6	TVR	Tavrey Airlines	TAVREY	Ukraine		1
QS	TVS	Travel Service	SKYTRAVEL	Czech Republic		1
TW	TWB	T'way Air	TWAYAIR	Republic of Korea		1
AL	TXC	TransAVIAexport Airlines	TRANSEXPORT	Belarus		1
6B	BLX	TUIfly Nordic	BLUESCAN	Sweden		1
DT	DTA	TAAG Angola Airlines	DTA	Angola		1
SF	DTH	Tassili Airlines	TASSILI AIR	Algeria		1
TJ	GPD	Tradewind Aviation	GOODSPEED	United States		1
PZ	LAP	TAM Mercosur	PARAGUAYA	Paraguay		1
AX	LOF	Trans States Airlines	WATERSKI	United States		1
1L	OSY	Open Skies Consultative Commission	OPEN SKIES	United States		1
RO	ROT	Tarom	TAROM	Romania		1
3T	URN	Turan Air	TURAN	Azerbaijan		1
T4	TIB	TRIP Linhas Aéreas	TRIP	Brazil	IATA code 8R changed to T4 (2010)	1
L6	VNZ	Tbilaviamsheni	TBILAVIA	Georgia		1
VO	TYR	Tyrolean Airways	TYROLEAN	Austria	Renamed from Austrian Arrows	1
TX	TAN	Transportes Aéreos Nacionales		Honduras	Defunct	0
U5	GWY	USA3000 Airlines	GETAWAY	United States		1
UA	UAL	United Airlines	UNITED	United States		1
4H	UBD	United Airways	UNITED BANGLADESH	Bangladesh		1
U2	UFS	United Feeder Service	FEEDER EXPRESS	United States	formerly part of United Express	1
U7	JUS	USA Jet Airlines	JET USA	United States		1
U6	SVR	Ural Airlines	SVERDLOVSK AIR	Russia		1
QU	UGA	Uganda Airlines	UGANDA	Uganda	Ceased operations 2001	1
UF	UKM	UM Airlines	UKRAINE MEDITERRANEE	Ukraine	Ukraine Mediterranean Airlines	1
6Z	UKS	Ukrainian Cargo Airways	CARGOTRANS	Ukraine		1
5X	UPS	United Parcel Service	UPS	United States		1
US	AWE	US Airways	CACTUS	United States		1
UH	USH	US Helicopter	US-HELI	United States		1
UT	UTA	UTair Aviation	UTAIR	Russia	WAS P2 till 2006	1
HY	UZB	Uzbekistan Airways	UZBEK	Uzbekistan		1
PS	AUI	Ukraine International Airlines	UKRAINE INTERNATIONAL	Ukraine		1
US	USA	US Airways	CACTUS	United States		1
JW	VNL	Vanilla Air	VANILLA	Japan		1
VB	VIV	VIVA Aerobus	AEROENLACES	Mexico		1
VA	VOZ	Virgin Australia Airlines	VELOCITY	Australia	PREVIOUSLY USED: KANGA, AURORA, VEE-OZ	1
VF	VLU	Valuair	VALUAIR	Singapore		1
J7	VJA	ValuJet Airlines	CRITTER	United States	Now operating as AirTran Airways. J7 Reassigned.	1
VC	VAL	Voyageur Airways	VOYAGEUR	Canada		1
VN	HVN	Vietnam Airlines	VIET NAM AIRLINES	Vietnam	was XV?	1
NN	MOV	VIM Airlines	MOV AIR	Russia		1
Y4	VOI	Volaris	VOLARIS	Mexico		1
VI	VDA	Volga-Dnepr Airlines	VOLGA-DNEPR	Russia		1
VX	VRD	Virgin America	REDWOOD	United States		1
TV	VEX	Virgin Express	VIRGIN EXPRESS	Belgium		1
VK	VGN	Virgin Nigeria Airways	VIRGIN NIGERIA	Nigeria		1
VS	VIR	Virgin Atlantic Airways	VIRGIN	United Kingdom		1
ZG	VVM	Viva Macau	JACKPOT	Macao		1
VE	VLE	C.A.I. Second	VOLA	Italy		1
VY	VLG	Vueling Airlines	VUELING	Spain		1
XF	VLK	Vladivostok Air	VLADAIR	Russia		1
LC	VLO	Varig Logística	VELOG	Brazil		1
VM	VOA	Viaggio Air	VIAGGIO	Bulgaria		1
DJ	VOZ	Virgin Australia	VELOCITY	Australia		1
DJ	VBH	Virgin Blue Holdings	BLUEY	Australia	Code used for Virgin Australia wet-leased operations.	1
9V	VPA	Vipair Airlines	VIAIR	Kazakhstan	defunct	0
RG	VRN	VRG Linhas Aéreas	VARIG	Brazil		1
5Z	VVC	VivaColombia	VivaColombia	Colombia	Commenced operations on May 25, 2012	1
VP	VSP	VASP	VASP	Brazil	defunct	0
V7	VOE	Volotea				1
VG	VLM	VLM Airlines	RUBENS	Belgium		1
G6	WLG	Air Volga	GOUMRAK	Russia		1
W1	WDL	WDL Aviation	WDL	Germany		1
WT	WSG	Wasaya Airways	WASAYA	Canada		1
WH	WEB	WebJet Linhas Aéreas	WEB-BRASIL	Brazil		1
2W	WLC	Welcome Air	WELCOMEAIR	Austria		1
WZ	WSF	West African Airlines		Benin		1
PT	SWN	West Air Sweden	AIR SWEDEN	Sweden		1
YH	WCW	West Caribbean Airways	WEST	Colombia		0
8O	YWZ	West Coast Air	COAST AIR	Canada		1
WS	WJA	WestJet	WESTJET	Canada		1
XP	CXP	Western	RUBY MOUNTAIN	United States	defunct	0
WA	WAL	Western Airlines	WESTERN	United States	defunct	0
CN	WWD	Westward Airways	WESTWARD	United States		1
WF	WIF	Widerøe	WIDEROE	Norway		1
IV	JET	Wind Jet	GHIBLI	Italy		1
1W	WON	Wings Air	WINGS ABADI	Indonesia	Subsidiary of Lion Air	1
8Z	WVL	Wizz Air Bulgaria	WIZZBUL	Bulgaria		1
W6	WZZ	Wizz Air	WIZZAIR	Hungary		1
WO	WOA	World Airways	WORLD	United States		1
WW	WOW	WOW air	WOW air	Iceland		1
8V	WRF	Wright Air Service	WRIGHT FLYER	United States		1
KW	WAN	Wataniya Airways	WATANIYA	Kuwait		1
3W	VNR	Wan Air	WANAIR	French Polynesia	defunct	0
WS	WEN	WestJet Encore	ENCORE	Canada		1
MF	CXA	Xiamen Airlines	XIAMEN AIR	China		1
SE	SEU	XL Airways France	STARWAY	France		1
XP	CXP	Xtra Airways	CASINO EXPRESS	United States		1
YL	LLM	Yamal Airlines	YAMAL	Russia		1
Y8	YZR	Yangtze River Express	YANGTZE RIVER	China		1
Y0	EMJ	Yellow Air Taxi/Friendship Airways		United States		1
IY	IYE	Yemenia	YEMENI	Yemen		1
4Y	UYA	Yute Air Alaska		United States		1
2N	UMK	Yuzhmashavia	YUZMASH	Ukraine		1
C4	IMX	Zimex Aviation	ZIMEX	Switzerland		1
Q3	MBN	Zambian Airways	ZAMBIANA	Zambia		1
3J	WZP	Zip	ZIPPER	Canada	ICAO Code and callsign no longer allocated	1
Z4	OOM	Zoom Airlines	ZOOM	Canada	defunct, ICAO Code and callsign no longer allocated	0